{
  "default": {
    "width": 1280,
    "height": 720,
    "framesPerSecond": 20,
    "maxDuration": 300,
    "samplesPerFrame": 128,
    "pattern": "wave",
    "waveTop": 150,
    "waveBottom": 420,
    "captionTop": 470,
    "captionFont": "300 52px 'Source Sans Pro'",
    "captionLineHeight": 52,
    "captionLineSpacing": 7,
    "captionLeft": 200,
    "captionRight": 1080
  },
  "Basic": {
    "backgroundColor": "#eee",
    "foregroundColor": "#de1e3d"
  },
  "Neon": {
    "backgroundColor": "#556270",
    "foregroundColor": "#c7f464"
  },
  "Three colors": {
    "backgroundColor": "#eee",
    "captionColor": "#515151",
    "waveColor": "#00b4ff"
  },
  "Background image with top right text": {
    "captionAlign": "right",
    "captionTop": 60,
    "captionRight": 1220,
    "captionLeft": 640,
    "backgroundImage": "subway.jpg",
    "foregroundColor": "#fc0",
    "waveBottom": 660,
    "waveTop": 320
  },
  "Bars": {
    "pattern": "bars",
    "foregroundColor": "#d84a4a"
  },
  "Rounded bars with bottom left text": {
    "pattern": "roundBars",
    "foregroundColor": "#d84a4a",
    "captionAlign": "left",
    "captionLeft": 60,
    "captionRight": 640,
    "captionBottom": 660,
    "captionTop": null
  },
  "Bricks": {
    "backgroundColor": "#8771aa",
    "foregroundColor": "#fff",
    "pattern": "bricks"
  },
  "Equalizer on the bottom": {
    "backgroundColor": "#222",
    "foregroundColor": "#fff",
    "pattern": "equalizer",
    "captionTop": 40,
    "captionBottom": 380,
    "waveTop": 420,
    "waveBottom": 720
  },
  "Bold italic orange": {
    "captionAlign": "right",
    "captionTop": null,
    "captionBottom": 660,
    "captionRight": 1220,
    "captionLeft": 640,
    "backgroundColor": "#fd5a1e",
    "waveColor": "#fff",
    "captionFont": "bold italic 52px 'Source Sans Pro'"
  },
  "Pixelated": {
    "backgroundColor": "#ecd078",
    "foregroundColor": "#c02942",
    "pattern": "pixel"
  },
  "Square with background image": {
    "width": 640,
    "height": 640,
    "samplesPerFrame": 64,
    "waveTop": 20,
    "waveBottom": 300,
    "captionTop": 340,
    "captionLeft": 20,
    "captionRight": 620,
    "foregroundColor": "#0eb8ba",
    "backgroundImage": "nyc.png"
  },
  "Ciquizza square": {
    "width": 1300,
    "height": 650,
    "samplesPerFrame": 64,
    "waveTop": 300,
    "waveBottom": 550,
    "captionTop": 340,
    "captionLeft": 20,
    "captionRight": 620,
    "foregroundColor": "#fff",
    "backgroundImage": "1004_Ciquizza_SS.jpg",
    "pattern": "bars",
    "backgroundImageTopper": "1004_Ciquizza_SS.png"
  },
  "Capehart":{
    "width": 1300,
    "height": 650,
    "samplesPerFrame": 32,
    "waveTop": 175,
    "waveBottom": 475,
    "waveLeft": 700,
    "waveRight": 1275,
    "captionTop": 150,
    "captionLeft": 700,
    "captionRight": 1200,
    "foregroundColor": "#fff",
    "backgroundImage": "CapeUp_Logo2.jpg",
    "pattern": "bars",
    "captionAlign": "left",
    "maxDuration": 600,
    "captionFont": "700 40px 'Franklin ITC Std'"
  },
    "Capehart — Sensative":{
    "width": 1300,
    "height": 650,
    "samplesPerFrame": 32,
    "waveTop": 175,
    "waveBottom": 475,
    "waveLeft": 650,
    "waveRight": 1275,
    "captionTop": 150,
    "captionLeft": 700,
    "captionRight": 1200,
    "foregroundColor": "#fff",
    "backgroundImage": "CapeUp_Logo2_sensitive.png",
    "pattern": "bars",
    "captionAlign": "left",
    "maxDuration": 600,
    "captionFont": "700 40px 'Franklin ITC Std'"
  }
}
